<metadata xml:lang="es"><Esri><CreaDate>20151203</CreaDate><CreaTime>10530400</CreaTime><ArcGISFormat>1.0</ArcGISFormat><ArcGISstyle>ISO 19139 Metadata Implementation Specification</ArcGISstyle><SyncOnce>FALSE</SyncOnce><DataProperties><lineage><Process ToolSource="C:\Program Files (x86)\ArcGIS\Desktop10.0\ArcToolbox\Toolboxes\Data Management Tools.tbx\CalculateField" Date="20121016" Time="170456">CalculateField MALLA10X10_P COD_INB [CUADRICULA] VB #</Process><Process ToolSource="C:\Program Files (x86)\ArcGIS\Desktop10.0\ArcToolbox\Toolboxes\Data Management Tools.tbx\CalculateField" Date="20121016" Time="171006">CalculateField MALLA10X10_P COD_INB [CUADRICULA] VB #</Process><Process ToolSource="C:\Program Files (x86)\ArcGIS\Desktop10.0\ArcToolbox\Toolboxes\Data Management Tools.tbx\CalculateField" Date="20121016" Time="171029">CalculateField MALLA10X10_P COD_INB [CUADRICULA] VB #</Process><Process ToolSource="c:\archivos de programa\arcgis\desktop10.1\ArcToolbox\Toolboxes\Data Management Tools.tbx\CopyFeatures" Date="20140527" Time="140904">CopyFeatures B:\MEDIO_HUMANO\MALLAS\Datos_esp\Malla10\MALLA10X10_P.shp B:\MEDIO_HUMANO\MALLAS\Datos_esp\Mallas.gdb\PenBal_ETRS89\MALLA10X10_P # 0 0 0</Process><Process ToolSource="c:\program files (x86)\arcgis\desktop10.1\ArcToolbox\Toolboxes\Data Management Tools.tbx\CopyFeatures" Date="20151203" Time="111520">CopyFeatures B:\MEDIO_TERRESTRE\MALLAS\Datos_esp\Mallas.gdb\PenBal_ETRS89\Malla10x10_MarTierra_pNueva B:\MEDIO_TERRESTRE\MALLAS\Difusion\Cartografia\WEBDic15_descarga\Malla10x10_MarTierra_pNueva.shp # 0 0 0</Process></lineage><itemProps><itemName Sync="TRUE">Malla10x10_MarTierra_pNueva</itemName><itemLocation><linkage Sync="TRUE">file://\\nas02\Imagenes\DGB\BDB\MEDIO_TERRESTRE\MALLAS\Difusion\Cartografia\WEBDic15_descarga\ParaWEB\Malla10x10_MarTierra_pNueva</linkage><protocol Sync="TRUE">Local Area Network</protocol></itemLocation><nativeExtBox><westBL Sync="TRUE">-417286.902800</westBL><eastBL Sync="TRUE">1358507.500400</eastBL><southBL Sync="TRUE">3819999.999900</southBL><northBL Sync="TRUE">5259799.458100</northBL><exTypeCode Sync="TRUE">1</exTypeCode></nativeExtBox><imsContentType Sync="TRUE">002</imsContentType><itemSize Sync="TRUE">0.000</itemSize></itemProps><coordRef><type Sync="TRUE">Projected</type><geogcsn Sync="TRUE">GCS_ETRS_1989</geogcsn><csUnits Sync="TRUE">Linear Unit: Meter (1.000000)</csUnits><projcsn Sync="TRUE">ETRS_1989_UTM_Zone_30N</projcsn><peXml Sync="TRUE">&lt;ProjectedCoordinateSystem xsi:type='typens:ProjectedCoordinateSystem' xmlns:xsi='http://www.w3.org/2001/XMLSchema-instance' xmlns:xs='http://www.w3.org/2001/XMLSchema' xmlns:typens='http://www.esri.com/schemas/ArcGIS/10.1'&gt;&lt;WKT&gt;PROJCS[&amp;quot;ETRS_1989_UTM_Zone_30N&amp;quot;,GEOGCS[&amp;quot;GCS_ETRS_1989&amp;quot;,DATUM[&amp;quot;D_ETRS_1989&amp;quot;,SPHEROID[&amp;quot;GRS_1980&amp;quot;,6378137.0,298.257222101]],PRIMEM[&amp;quot;Greenwich&amp;quot;,0.0],UNIT[&amp;quot;Degree&amp;quot;,0.0174532925199433]],PROJECTION[&amp;quot;Transverse_Mercator&amp;quot;],PARAMETER[&amp;quot;False_Easting&amp;quot;,500000.0],PARAMETER[&amp;quot;False_Northing&amp;quot;,0.0],PARAMETER[&amp;quot;Central_Meridian&amp;quot;,-3.0],PARAMETER[&amp;quot;Scale_Factor&amp;quot;,0.9996],PARAMETER[&amp;quot;Latitude_Of_Origin&amp;quot;,0.0],UNIT[&amp;quot;Meter&amp;quot;,1.0],AUTHORITY[&amp;quot;EPSG&amp;quot;,25830]]&lt;/WKT&gt;&lt;XOrigin&gt;-5120900&lt;/XOrigin&gt;&lt;YOrigin&gt;-9998100&lt;/YOrigin&gt;&lt;XYScale&gt;450445547.3910538&lt;/XYScale&gt;&lt;ZOrigin&gt;-100000&lt;/ZOrigin&gt;&lt;ZScale&gt;10000&lt;/ZScale&gt;&lt;MOrigin&gt;-100000&lt;/MOrigin&gt;&lt;MScale&gt;10000&lt;/MScale&gt;&lt;XYTolerance&gt;0.001&lt;/XYTolerance&gt;&lt;ZTolerance&gt;0.001&lt;/ZTolerance&gt;&lt;MTolerance&gt;0.001&lt;/MTolerance&gt;&lt;HighPrecision&gt;true&lt;/HighPrecision&gt;&lt;WKID&gt;25830&lt;/WKID&gt;&lt;LatestWKID&gt;25830&lt;/LatestWKID&gt;&lt;/ProjectedCoordinateSystem&gt;</peXml></coordRef><copyHistory><copy source="B:\MEDIO_TERRESTRE\MALLAS\Difusion\Cartografia\WEBDic15_descarga\Malla10x10_MarTierra_pNueva" dest="\\nas02\Imagenes\DGB\BDB\MEDIO_TERRESTRE\MALLAS\Difusion\Cartografia\WEBDic15_descarga\ParaWEB\Malla10x10_MarTierra_pNueva" date="20151203" time="12462300"></copy></copyHistory></DataProperties><SyncDate>20151203</SyncDate><SyncTime>11151300</SyncTime><ModDate>20151203</ModDate><ModTime>11151300</ModTime></Esri><eainfo><detailed Name="Malla10x10_MarTierra_pNueva"><enttyp><enttypl Sync="TRUE">Malla10x10_MarTierra_pNueva</enttypl><enttypt Sync="TRUE">Feature Class</enttypt><enttypc Sync="TRUE">0</enttypc></enttyp><attr><attrlabl Sync="TRUE">FID</attrlabl><attalias Sync="TRUE">FID</attalias><attrtype Sync="TRUE">OID</attrtype><attwidth Sync="TRUE">4</attwidth><atprecis Sync="TRUE">0</atprecis><attscale Sync="TRUE">0</attscale><attrdef Sync="TRUE">Internal feature number.</attrdef><attrdefs Sync="TRUE">Esri</attrdefs><attrdomv><udom Sync="TRUE">Sequential unique whole numbers that are automatically generated.</udom></attrdomv></attr><attr><attrlabl Sync="TRUE">Shape</attrlabl><attalias Sync="TRUE">Shape</attalias><attrtype Sync="TRUE">Geometry</attrtype><attwidth Sync="TRUE">0</attwidth><atprecis Sync="TRUE">0</atprecis><attscale Sync="TRUE">0</attscale><attrdef Sync="TRUE">Feature geometry.</attrdef><attrdefs Sync="TRUE">Esri</attrdefs><attrdomv><udom Sync="TRUE">Coordinates defining the features.</udom></attrdomv></attr><attr><attrlabl Sync="TRUE">POS</attrlabl><attalias Sync="TRUE">POS</attalias><attrtype Sync="TRUE">String</attrtype><attwidth Sync="TRUE">3</attwidth><atprecis Sync="TRUE">0</atprecis><attscale Sync="TRUE">0</attscale></attr><attr><attrlabl Sync="TRUE">COD100K</attrlabl><attalias Sync="TRUE">COD100K</attalias><attrtype Sync="TRUE">String</attrtype><attwidth Sync="TRUE">2</attwidth><atprecis Sync="TRUE">0</atprecis><attscale Sync="TRUE">0</attscale></attr><attr><attrlabl Sync="TRUE">XCENTROIDE</attrlabl><attalias Sync="TRUE">XCENTROIDE</attalias><attrtype Sync="TRUE">Double</attrtype><attwidth Sync="TRUE">19</attwidth><atprecis Sync="TRUE">0</atprecis><attscale Sync="TRUE">0</attscale></attr><attr><attrlabl Sync="TRUE">YCENTROIDE</attrlabl><attalias Sync="TRUE">YCENTROIDE</attalias><attrtype Sync="TRUE">Double</attrtype><attwidth Sync="TRUE">19</attwidth><atprecis Sync="TRUE">0</atprecis><attscale Sync="TRUE">0</attscale></attr><attr><attrlabl Sync="TRUE">X</attrlabl><attalias Sync="TRUE">X</attalias><attrtype Sync="TRUE">SmallInteger</attrtype><attwidth Sync="TRUE">4</attwidth><atprecis Sync="TRUE">4</atprecis><attscale Sync="TRUE">0</attscale></attr><attr><attrlabl Sync="TRUE">Y</attrlabl><attalias Sync="TRUE">Y</attalias><attrtype Sync="TRUE">SmallInteger</attrtype><attwidth Sync="TRUE">4</attwidth><atprecis Sync="TRUE">4</atprecis><attscale Sync="TRUE">0</attscale></attr><attr><attrlabl Sync="TRUE">UTMCODE</attrlabl><attalias Sync="TRUE">UTMCODE</attalias><attrtype Sync="TRUE">String</attrtype><attwidth Sync="TRUE">6</attwidth><atprecis Sync="TRUE">0</atprecis><attscale Sync="TRUE">0</attscale></attr><attr><attrlabl Sync="TRUE">CUADRICULA</attrlabl><attalias Sync="TRUE">CUADRICULA</attalias><attrtype Sync="TRUE">String</attrtype><attwidth Sync="TRUE">7</attwidth><atprecis Sync="TRUE">0</atprecis><attscale Sync="TRUE">0</attscale></attr><attr><attrlabl Sync="TRUE">MARINO</attrlabl><attalias Sync="TRUE">MARINO</attalias><attrtype Sync="TRUE">SmallInteger</attrtype><attwidth Sync="TRUE">4</attwidth><atprecis Sync="TRUE">4</atprecis><attscale Sync="TRUE">0</attscale></attr><attr><attrlabl Sync="TRUE">COD100X100</attrlabl><attalias Sync="TRUE">COD100X100</attalias><attrtype Sync="TRUE">String</attrtype><attwidth Sync="TRUE">16</attwidth><atprecis Sync="TRUE">0</atprecis><attscale Sync="TRUE">0</attscale></attr><attr><attrlabl Sync="TRUE">PERIM_km</attrlabl><attalias Sync="TRUE">PERIM_km</attalias><attrtype Sync="TRUE">Double</attrtype><attwidth Sync="TRUE">19</attwidth><atprecis Sync="TRUE">0</atprecis><attscale Sync="TRUE">0</attscale></attr><attr><attrlabl Sync="TRUE">Area_km2</attrlabl><attalias Sync="TRUE">Area_km2</attalias><attrtype Sync="TRUE">Double</attrtype><attwidth Sync="TRUE">19</attwidth><atprecis Sync="TRUE">0</atprecis><attscale Sync="TRUE">0</attscale></attr><attr><attrlabl Sync="TRUE">COD_INB</attrlabl><attalias Sync="TRUE">COD_INB</attalias><attrtype Sync="TRUE">String</attrtype><attwidth Sync="TRUE">20</attwidth><atprecis Sync="TRUE">0</atprecis><attscale Sync="TRUE">0</attscale></attr><attr><attrlabl Sync="TRUE">Shape_Leng</attrlabl><attalias Sync="TRUE">Shape_Leng</attalias><attrtype Sync="TRUE">Double</attrtype><attwidth Sync="TRUE">19</attwidth><atprecis Sync="TRUE">0</atprecis><attscale Sync="TRUE">0</attscale></attr><attr><attrlabl Sync="TRUE">Shape_Area</attrlabl><attalias Sync="TRUE">Shape_Area</attalias><attrtype Sync="TRUE">Double</attrtype><attwidth Sync="TRUE">19</attwidth><atprecis Sync="TRUE">0</atprecis><attscale Sync="TRUE">0</attscale><attrdef Sync="TRUE">Area of feature in internal units squared.</attrdef><attrdefs Sync="TRUE">Esri</attrdefs><attrdomv><udom Sync="TRUE">Positive real numbers that are automatically generated.</udom></attrdomv></attr></detailed></eainfo><mdFileID>ESMAGRAMAMALLA10201206250001</mdFileID><mdLang><languageCode value="spa"/><countryCode value="ESP" Sync="TRUE"></countryCode></mdLang><mdChar><CharSetCd value="004"/></mdChar><mdParentID/><mdHrLvName/><mdContact><rpIndName>Ruiz Franco, Blanca</rpIndName><rpOrgName>Ministerio de Agricultura, Alimentación y Medio Ambiente</rpOrgName><rpPosName>Jefa de Área de Banco de Datos de la Naturaleza</rpPosName><rpCntInfo><cntPhone><voiceNum>+34 91 597 61 55</voiceNum><faxNum>+34 91 597 59 73</faxNum></cntPhone><cntAddress><delPoint>Plaza San Juan de la Cruz, s/n - 3ª planta</delPoint><city>Madrid</city><postCode>28071</postCode><country>España</country><eMailAdd>brfranco@magrama.es</eMailAdd></cntAddress><cntOnlineRes><linkage>http:\\www.magrama.es\</linkage></cntOnlineRes></rpCntInfo></mdContact><mdDateSt>20120625</mdDateSt><mdStanName>ArcGIS Metadata</mdStanName><mdStanVer>1.0</mdStanVer><distInfo><distFormat><formatName>unknown</formatName><formatVer>unknown</formatVer></distFormat><distTranOps><transSize Sync="TRUE">0.000</transSize></distTranOps></distInfo><dataIdInfo><idCitation><resTitle>Malla 10 x 10 km</resTitle><resAltTitle>M10</resAltTitle><date><createDate>2012-06-21T00:00:00</createDate></date><presForm><PresFormCd value="005" Sync="TRUE"></PresFormCd></presForm></idCitation><idAbs>Malla de 10 kilometros sobre ámbito terrestre y marino de Península y Baleares.</idAbs><idPurp>La malla de 10 km se utiliza para representación espacial de información temática. Los límites de la malla exceden de las aguas marinas bajo soberanía o jurisdicción nacional, incluyendo la zona económica exclusiva y la plataforma continental por lo que, en ningún caso, deberá utilizarse la malla como delimitación de las mismas.</idPurp><idPoC><rpIndName>Ruiz Franco, Blanca</rpIndName><rpOrgName>Ministerio de Agricultura, Alimentación y Medio Ambiente</rpOrgName><rpPosName>Jefa de Área de Banco de Datos de la Naturaleza</rpPosName><rpCntInfo><cntAddress><delPoint>Plaza San Juan de la Cruz, s/n - 3ª planta</delPoint><city>Madrid</city><postCode>28071</postCode><country>España</country><eMailAdd>brfranco@magrama.es</eMailAdd></cntAddress></rpCntInfo></idPoC><otherKeys><keyword>Sistema de cuadrículas geográficas</keyword><thesaName><resTitle>GEMET - INSPIRE themes, version 1.0</resTitle><date><pubDate>2008-06-01T00:00:00</pubDate></date></thesaName></otherKeys><searchKeys><keyword>Sistema de cuadrículas geográficas</keyword></searchKeys><resConst><LegConsts><useLimit>No se aplican condiciones</useLimit><othConsts>Los límites de la malla exceden de las aguas marinas bajo soberanía o jurisdicción nacional, incluyendo la zona económica exclusiva y la plataforma continental por lo que, en ningún caso, deberá utilizarse la malla como delimitación de las mismas.</othConsts><othConsts>Acceso público y gratuito. Será necesario nombrar la fuente de procedencia de la información de la siguiente manera: Fuente: Ministerio de Agricultura, Alimentación y Medio Ambiente.</othConsts></LegConsts></resConst><resConst><Consts><useLimit>No se aplican condiciones</useLimit></Consts></resConst><dataLang><languageCode value="spa"/><countryCode value="ESP" Sync="TRUE"></countryCode></dataLang><tpCat><TopicCatCd value="013"/></tpCat><dataExt><exDesc/><geoEle><GeoBndBox><westBL>-16.89</westBL><eastBL>7.57</eastBL><southBL>33.39</southBL><northBL>47.44</northBL></GeoBndBox></geoEle></dataExt><envirDesc Sync="TRUE">Microsoft Windows 7 Version 6.1 (Build 7601) Service Pack 1; Esri ArcGIS 10.1.1.3143</envirDesc><spatRpType><SpatRepTypCd value="001" Sync="TRUE"></SpatRepTypCd></spatRpType><dataExt><geoEle><GeoBndBox esriExtentType="search"><exTypeCode Sync="TRUE">1</exTypeCode><westBL Sync="TRUE">-15.039063</westBL><eastBL Sync="TRUE">8.283393</eastBL><northBL Sync="TRUE">47.491629</northBL><southBL Sync="TRUE">34.117241</southBL></GeoBndBox></geoEle></dataExt></dataIdInfo><dqInfo><dqScope/><report type="DQDomConsis"><measResult><ConResult><conSpec><resTitle>Reglamento (UE) n o 1089/2010 de la Comisión de 23 de noviembre de 2010 por el que se aplica la Directiva 2007/2/CE del Parlamento Europeo y del Consejo en lo que se refiere a la interoperabilidad de los conjuntos y los servicios de datos espaciales</resTitle><date><pubDate>2010-12-08T00:00:00</pubDate></date></conSpec><conExpl>No aplica</conExpl><conPass>true</conPass></ConResult></measResult></report><dataLineage><statement>La malla de 10km se crea sobre una geodatabase de archivos con sistema de referencia ETRS89 en coordenadas UTM y tomando como punto de partida la malla de 100 km generada anteriormente, definiendo la condición de coordenadas en numeros enteros, y cubriendo todo el ámbito de trabajo definido (ámbito terrestre y marino de Península y Baleares). Los pasos seguidos son los siguientes: - Se crea una malla para cada huso geográfico, en total 5 mallas. - Cálculo de los centroides de cada cuadrícula de las mallas. - Densificación de las mallas con vértices cada 1m. - Transformación de coordenadas UTM a geográficas. - Corte de cada una de las mallas por sus husos correspondientes y unión de las mallas cortadas de cada huso para formar una única malla de 10 km que cubre todo el ámbito de trabajo. - Comprobación topológica de la malla única. - Traspaso de la codificación de la malla de 100km a las nuevas mallas de 10km. - Verificación con la capa de latitud 40º de las cuadrículas codificadas como zona T y S. - Cálculo y asignación de nomenclatura y codificación a la malla 10 km - Exportar a SHP la malla de 10 km unida y correctamente codificada, en coordenadas geográficas. (debido al tamaño de la malla es necesario crear varios archivos para realizar la exportación completa por partes). - Transformar los SHPs exportado de coordenadas geográficas a coordenadas UTM H30 - Exportar SHPs_UTMH30 a coverages. - En ArcInfo, simplificar el número de vértices de las coverages. - Unión de los diferentes archivos que conforman la malla. - Exportar la malla unida en coverage a SHP definitivo de entrega (de la malla de 10 km). - Paso final: Asignación de datos de la currícula antigua ED50 a las nuevas mallas: Se transforman las mallas antiguas de ED50_H30 a ETRS89_H30, y se obtienen sus centroides. Mediante uniones y selecciones espaciales se asigna la información de la malla antigua a su correspondiente cuadrícula de la nueva malla. - Se añade el campo Marino, que indica si el objeto es terrestre (0), marino (1) o otros paises (2).</statement></dataLineage></dqInfo><refSysInfo><RefSystem><refSysID><identAuth><resTitle>European Petroleum Survey Group</resTitle><date><createDate>2012-06-25T00:00:00</createDate></date><collTitle>Península, Baleares, Ceuta y Melilla</collTitle></identAuth><identCode code="EPSG:25830"/><idCodeSpace Sync="TRUE">EPSG</idCodeSpace><idVersion Sync="TRUE">7.11.2</idVersion></refSysID></RefSystem></refSysInfo><refSysInfo><RefSystem><refSysID><identAuth><resTitle>European Petroleum Survey Group</resTitle><date><createDate>2012-06-25T00:00:00</createDate></date><collTitle>Canarias</collTitle></identAuth><identCode code="EPSG: 32628"/><idCodeSpace Sync="TRUE">EPSG</idCodeSpace><idVersion Sync="TRUE">7.11.2</idVersion></refSysID></RefSystem></refSysInfo><mdHrLv><ScopeCd value="005" Sync="TRUE"></ScopeCd></mdHrLv><spatRepInfo><VectSpatRep><geometObjs Name="Malla10x10_MarTierra_pNueva"><geoObjTyp><GeoObjTypCd value="002" Sync="TRUE"></GeoObjTypCd></geoObjTyp><geoObjCnt Sync="TRUE">0</geoObjCnt></geometObjs><topLvl><TopoLevCd value="001" Sync="TRUE"></TopoLevCd></topLvl></VectSpatRep></spatRepInfo><spdoinfo><ptvctinf><esriterm Name="Malla10x10_MarTierra_pNueva"><efeatyp Sync="TRUE">Simple</efeatyp><efeageom code="4" Sync="TRUE"></efeageom><esritopo Sync="TRUE">FALSE</esritopo><efeacnt Sync="TRUE">0</efeacnt><spindex Sync="TRUE">FALSE</spindex><linrefer Sync="TRUE">FALSE</linrefer></esriterm></ptvctinf></spdoinfo></metadata>
