<?xml version="1.0" encoding="UTF-8"?>
<gmd:MD_Metadata xmlns:gco="http://www.isotc211.org/2005/gco"
    xmlns:gmd="http://www.isotc211.org/2005/gmd"
    xmlns:gml="http://www.opengis.net/gml"
    xmlns:gts="http://www.isotc211.org/2005/gts" xmlns:xsi="http://www.w3.org/2001/XMLSchema-instance">
    <gmd:fileIdentifier>
        <gco:CharacterString>spaignMDT200serie201307180000</gco:CharacterString>
    </gmd:fileIdentifier>
    <gmd:language>
        <gmd:LanguageCode
            codeList="./resources/codeList.xml#LanguageCode" codeListValue="spa">spa</gmd:LanguageCode>
    </gmd:language>
    <gmd:characterSet>
        <gmd:MD_CharacterSetCode
            codeList="./resources/codeList.xml#MD_CharacterSetCode" codeListValue="utf8">utf8</gmd:MD_CharacterSetCode>
    </gmd:characterSet>
    <gmd:parentIdentifier gco:nilReason="missing"/>
    <gmd:hierarchyLevel>
        <gmd:MD_ScopeCode
            codeList="./resources/codeList.xml#MD_ScopeCode" codeListValue="series">series</gmd:MD_ScopeCode>
    </gmd:hierarchyLevel>
    <gmd:hierarchyLevelName gco:nilReason="missing"/>
    <gmd:contact>
        <gmd:CI_ResponsibleParty>
            <gmd:individualName gco:nilReason="missing"/>
            <gmd:organisationName>
                <gco:CharacterString>Instituto Geográfico Nacional (IGN)</gco:CharacterString>
            </gmd:organisationName>
            <gmd:positionName gco:nilReason="missing"/>
            <gmd:contactInfo>
                <gmd:CI_Contact>
                    <gmd:address>
                        <gmd:CI_Address>
                            <gmd:electronicMailAddress>
                                <gco:CharacterString>ign@fomento.es</gco:CharacterString>
                            </gmd:electronicMailAddress>
                        </gmd:CI_Address>
                    </gmd:address>
                    <gmd:onlineResource>
                        <gmd:CI_OnlineResource>
                            <gmd:linkage>
                                <gmd:URL>ign@fomento.es</gmd:URL>
                            </gmd:linkage>
                        </gmd:CI_OnlineResource>
                    </gmd:onlineResource>
                </gmd:CI_Contact>
            </gmd:contactInfo>
            <gmd:role>
                <gmd:CI_RoleCode
                    codeList="./resources/codeList.xml#CI_RoleCode" codeListValue="pointOfContact">pointOfContact</gmd:CI_RoleCode>
            </gmd:role>
        </gmd:CI_ResponsibleParty>
    </gmd:contact>
    <gmd:dateStamp>
        <gco:Date>2013-07-18</gco:Date>
    </gmd:dateStamp>
    <gmd:metadataStandardName>
        <gco:CharacterString>NEM:ISO 19115+ Reglamento (CE) Nº 1205/2008 de Inspire</gco:CharacterString>
    </gmd:metadataStandardName>
    <gmd:metadataStandardVersion>
        <gco:CharacterString>1.1</gco:CharacterString>
    </gmd:metadataStandardVersion>
    <gmd:spatialRepresentationInfo>
        <gmd:MD_GridSpatialRepresentation>
            <gmd:numberOfDimensions>
                <gco:Integer>2</gco:Integer>
            </gmd:numberOfDimensions>
            <gmd:axisDimensionProperties gco:nilReason="missing"/>
            <gmd:cellGeometry>
                <gmd:MD_CellGeometryCode
                    codeList="./resources/codeList.xml#MD_CellGeometryCode" codeListValue="area">area</gmd:MD_CellGeometryCode>
            </gmd:cellGeometry>
            <gmd:transformationParameterAvailability>
                <gco:Boolean>false</gco:Boolean>
            </gmd:transformationParameterAvailability>
        </gmd:MD_GridSpatialRepresentation>
    </gmd:spatialRepresentationInfo>
    <gmd:referenceSystemInfo>
        <gmd:MD_ReferenceSystem>
            <gmd:referenceSystemIdentifier>
                <gmd:RS_Identifier>
                    <gmd:authority>
                        <gmd:CI_Citation>
                            <gmd:title>
                                <gco:CharacterString>European Petroleum Survey Group (EPSG)</gco:CharacterString>
                            </gmd:title>
                            <gmd:date>
                                <gmd:CI_Date>
                                    <gmd:date>
                                    <gco:Date>1986-01-01</gco:Date>
                                    </gmd:date>
                                    <gmd:dateType>
                                    <gmd:CI_DateTypeCode
                                    codeList="./resources/codeList.xml#CI_DateTypeCode" codeListValue="creation">creation</gmd:CI_DateTypeCode>
                                    </gmd:dateType>
                                </gmd:CI_Date>
                            </gmd:date>
                        </gmd:CI_Citation>
                    </gmd:authority>
                    <gmd:code>
                        <gco:CharacterString>EPSG:25829</gco:CharacterString>
                    </gmd:code>
                </gmd:RS_Identifier>
            </gmd:referenceSystemIdentifier>
        </gmd:MD_ReferenceSystem>
    </gmd:referenceSystemInfo>
    <gmd:referenceSystemInfo>
        <gmd:MD_ReferenceSystem>
            <gmd:referenceSystemIdentifier>
                <gmd:RS_Identifier>
                    <gmd:authority>
                        <gmd:CI_Citation>
                            <gmd:title>
                                <gco:CharacterString>European Petroleum Survey Group (EPSG)</gco:CharacterString>
                            </gmd:title>
                            <gmd:date>
                                <gmd:CI_Date>
                                    <gmd:date>
                                    <gco:Date>1986-01-01</gco:Date>
                                    </gmd:date>
                                    <gmd:dateType>
                                    <gmd:CI_DateTypeCode
                                    codeList="./resources/codeList.xml#CI_DateTypeCode" codeListValue="creation">creation</gmd:CI_DateTypeCode>
                                    </gmd:dateType>
                                </gmd:CI_Date>
                            </gmd:date>
                        </gmd:CI_Citation>
                    </gmd:authority>
                    <gmd:code>
                        <gco:CharacterString>EPSG:25830</gco:CharacterString>
                    </gmd:code>
                </gmd:RS_Identifier>
            </gmd:referenceSystemIdentifier>
        </gmd:MD_ReferenceSystem>
    </gmd:referenceSystemInfo>
    <gmd:referenceSystemInfo>
        <gmd:MD_ReferenceSystem>
            <gmd:referenceSystemIdentifier>
                <gmd:RS_Identifier>
                    <gmd:authority>
                        <gmd:CI_Citation>
                            <gmd:title>
                                <gco:CharacterString>European Petroleum Survey Group (EPSG)</gco:CharacterString>
                            </gmd:title>
                            <gmd:date>
                                <gmd:CI_Date>
                                    <gmd:date>
                                    <gco:Date>1986-01-01</gco:Date>
                                    </gmd:date>
                                    <gmd:dateType>
                                    <gmd:CI_DateTypeCode
                                    codeList="./resources/codeList.xml#CI_DateTypeCode" codeListValue="creation">creation</gmd:CI_DateTypeCode>
                                    </gmd:dateType>
                                </gmd:CI_Date>
                            </gmd:date>
                        </gmd:CI_Citation>
                    </gmd:authority>
                    <gmd:code>
                        <gco:CharacterString>EPSG:25831</gco:CharacterString>
                    </gmd:code>
                </gmd:RS_Identifier>
            </gmd:referenceSystemIdentifier>
        </gmd:MD_ReferenceSystem>
    </gmd:referenceSystemInfo>
    <gmd:referenceSystemInfo>
        <gmd:MD_ReferenceSystem>
            <gmd:referenceSystemIdentifier>
                <gmd:RS_Identifier>
                    <gmd:code>
                        <gco:CharacterString>EPSG:4083</gco:CharacterString>
                    </gmd:code>
                </gmd:RS_Identifier>
            </gmd:referenceSystemIdentifier>
        </gmd:MD_ReferenceSystem>
    </gmd:referenceSystemInfo>
    <gmd:identificationInfo>
        <gmd:MD_DataIdentification>
            <gmd:citation>
                <gmd:CI_Citation>
                    <gmd:title>
                        <gco:CharacterString>Modelo Digital del Terreno (200 metros)</gco:CharacterString>
                    </gmd:title>
                    <gmd:alternateTitle>
                        <gco:CharacterString> MDT200</gco:CharacterString>
                    </gmd:alternateTitle>
                    <gmd:date>
                        <gmd:CI_Date>
                            <gmd:date>
                                <gco:Date>2009-12-30</gco:Date>
                            </gmd:date>
                            <gmd:dateType>
                                <gmd:CI_DateTypeCode
                                    codeList="./resources/codeList.xml#CI_DateTypeCode" codeListValue="publication">publication</gmd:CI_DateTypeCode>
                            </gmd:dateType>
                        </gmd:CI_Date>
                    </gmd:date>
                    <gmd:identifier>
                        <gmd:RS_Identifier>
                            <gmd:code>
                                <gco:CharacterString>MDT200</gco:CharacterString>
                            </gmd:code>
                            <gmd:codeSpace>
                                <gco:CharacterString>http://www.ign.es</gco:CharacterString>
                            </gmd:codeSpace>
                        </gmd:RS_Identifier>
                    </gmd:identifier>
                    <gmd:presentationForm>
                        <gmd:CI_PresentationFormCode
                            codeList="./resources/codeList.xml#CI_PresentationFormCode" codeListValue="modelDigital">modelDigital</gmd:CI_PresentationFormCode>
                    </gmd:presentationForm>
                </gmd:CI_Citation>
            </gmd:citation>
            <gmd:abstract>
                <gco:CharacterString>Modelo digital del terreno con paso de malla de 200 m, con distribución por provincias (rectángulo envolvente de cada provincia). Formato de archivo ASCII matriz ESRI (asc). Sistema geodésico de referencia ETRS89 (en Canarias REGCAN95, compatible con ETRS89) y proyección UTM en el huso correspondiente a cada provincia y también en el huso 30 extendido (para provincias en los husos 29 y 31). Canarias está proyectado en huso 28. El MDT200 se ha obtenido por interpolación de modelos digitales del terreno de 5 m de paso de malla procedentes del Plan Nacional de Ortofotografía Aérea (PNOA).</gco:CharacterString>
            </gmd:abstract>
            <gmd:purpose>
                <gco:CharacterString>Son necesarios para generar las ortofotos del Proyecto PNOA y para tener un modelo digital de elevaciones homogéneo y preciso para todo el territorio español.</gco:CharacterString>
            </gmd:purpose>
            <gmd:credit>
                <gco:CharacterString>Comunidades Autónomas, IGN-CNIG, FEGA.</gco:CharacterString>
            </gmd:credit>
            <gmd:status>
                <gmd:MD_ProgressCode
                    codeList="./resources/codeList.xml#MD_ProgressCode" codeListValue="completed">completed</gmd:MD_ProgressCode>
            </gmd:status>
            <gmd:pointOfContact>
                <gmd:CI_ResponsibleParty>
                    <gmd:individualName gco:nilReason="missing"/>
                    <gmd:organisationName>
                        <gco:CharacterString>Instituto Geográfico Nacional (IGN)</gco:CharacterString>
                    </gmd:organisationName>
                    <gmd:positionName gco:nilReason="missing"/>
                    <gmd:contactInfo>
                        <gmd:CI_Contact>
                            <gmd:address>
                                <gmd:CI_Address>
                                    <gmd:electronicMailAddress>
                                    <gco:CharacterString>ign@fomento.es</gco:CharacterString>
                                    </gmd:electronicMailAddress>
                                </gmd:CI_Address>
                            </gmd:address>
                            <gmd:onlineResource>
                                <gmd:CI_OnlineResource>
                                    <gmd:linkage>
                                    <gmd:URL>ign@fomento.es</gmd:URL>
                                    </gmd:linkage>
                                </gmd:CI_OnlineResource>
                            </gmd:onlineResource>
                        </gmd:CI_Contact>
                    </gmd:contactInfo>
                    <gmd:role>
                        <gmd:CI_RoleCode
                            codeList="./resources/codeList.xml#CI_RoleCode" codeListValue="pointOfContact">pointOfContact</gmd:CI_RoleCode>
                    </gmd:role>
                </gmd:CI_ResponsibleParty>
            </gmd:pointOfContact>
            <gmd:resourceMaintenance>
                <gmd:MD_MaintenanceInformation>
                    <gmd:maintenanceAndUpdateFrequency>
                        <gmd:MD_MaintenanceFrequencyCode
                            codeList="./resources/codeList.xml#MD_MaintenanceFrequencyCode" codeListValue="notPlanned">notPlanned</gmd:MD_MaintenanceFrequencyCode>
                    </gmd:maintenanceAndUpdateFrequency>
                </gmd:MD_MaintenanceInformation>
            </gmd:resourceMaintenance>
            <gmd:descriptiveKeywords>
                <gmd:MD_Keywords>
                    <gmd:keyword>
                        <gco:CharacterString>Elevaciones</gco:CharacterString>
                    </gmd:keyword>
                    <gmd:type>
                        <gmd:MD_KeywordTypeCode
                            codeList="./resources/codeList.xml#MD_KeywordTypeCode" codeListValue="theme">theme</gmd:MD_KeywordTypeCode>
                    </gmd:type>
                    <gmd:thesaurusName>
                        <gmd:CI_Citation>
                            <gmd:title>
                                <gco:CharacterString>GEMET – INSPIRE themes</gco:CharacterString>
                            </gmd:title>
                            <gmd:date>
                                <gmd:CI_Date>
                                    <gmd:date>
                                    <gco:Date>2008-12-05</gco:Date>
                                    </gmd:date>
                                    <gmd:dateType>
                                    <gmd:CI_DateTypeCode
                                    codeList="./resources/codeList.xml#CI_DateTypeCode" codeListValue="publication">publication</gmd:CI_DateTypeCode>
                                    </gmd:dateType>
                                </gmd:CI_Date>
                            </gmd:date>
                        </gmd:CI_Citation>
                    </gmd:thesaurusName>
                </gmd:MD_Keywords>
            </gmd:descriptiveKeywords>
            <gmd:descriptiveKeywords>
                <gmd:MD_Keywords>
                    <gmd:keyword>
                        <gco:CharacterString>IGN</gco:CharacterString>
                    </gmd:keyword>
                </gmd:MD_Keywords>
            </gmd:descriptiveKeywords>
            <gmd:descriptiveKeywords>
                <gmd:MD_Keywords>
                    <gmd:keyword>
                        <gco:CharacterString>ESPAÑA</gco:CharacterString>
                    </gmd:keyword>
                    <gmd:type>
                        <gmd:MD_KeywordTypeCode
                            codeList="./resources/codeList.xml#MD_KeywordTypeCode" codeListValue="place">place</gmd:MD_KeywordTypeCode>
                    </gmd:type>
                    <gmd:thesaurusName>
                        <gmd:CI_Citation>
                            <gmd:title>
                                <gco:CharacterString>EuropeanTerritorialUnits</gco:CharacterString>
                            </gmd:title>
                            <gmd:date>
                                <gmd:CI_Date>
                                    <gmd:date>
                                    <gco:Date>2008-10-21</gco:Date>
                                    </gmd:date>
                                    <gmd:dateType>
                                    <gmd:CI_DateTypeCode
                                    codeList="./resources/codeList.xml#CI_DateTypeCode" codeListValue="publication">publication</gmd:CI_DateTypeCode>
                                    </gmd:dateType>
                                </gmd:CI_Date>
                            </gmd:date>
                        </gmd:CI_Citation>
                    </gmd:thesaurusName>
                </gmd:MD_Keywords>
            </gmd:descriptiveKeywords>
            <gmd:descriptiveKeywords>
                <gmd:MD_Keywords>
                    <gmd:keyword>
                        <gco:CharacterString>MDT200</gco:CharacterString>
                    </gmd:keyword>
                </gmd:MD_Keywords>
            </gmd:descriptiveKeywords>
            <gmd:resourceSpecificUsage>
                <gmd:MD_Usage>
                    <gmd:specificUsage>
                        <gco:CharacterString>Para estudios de zonas de inundación, para determinación de obstáculos en las rutas de aproximación de los aeropuertos, para la generación de las ortofotos del Proyecto PNOA</gco:CharacterString>
                    </gmd:specificUsage>
                    <gmd:userContactInfo>
                        <gmd:CI_ResponsibleParty>
                            <gmd:individualName gco:nilReason="missing"/>
                            <gmd:organisationName>
                                <gco:CharacterString>Centro de Estudios y Experimentación de Obras Públicas</gco:CharacterString>
                            </gmd:organisationName>
                            <gmd:positionName gco:nilReason="missing"/>
                            <gmd:contactInfo>
                                <gmd:CI_Contact>
                                    <gmd:onlineResource>
                                    <gmd:CI_OnlineResource>
                                    <gmd:linkage>
                                    <gmd:URL>http://www.cedex.es</gmd:URL>
                                    </gmd:linkage>
                                    </gmd:CI_OnlineResource>
                                    </gmd:onlineResource>
                                </gmd:CI_Contact>
                            </gmd:contactInfo>
                            <gmd:role>
                                <gmd:CI_RoleCode
                                    codeList="./resources/codeList.xml#CI_RoleCode" codeListValue="user">user</gmd:CI_RoleCode>
                            </gmd:role>
                        </gmd:CI_ResponsibleParty>
                    </gmd:userContactInfo>
                    <gmd:userContactInfo>
                        <gmd:CI_ResponsibleParty>
                            <gmd:individualName gco:nilReason="missing"/>
                            <gmd:organisationName>
                                <gco:CharacterString>Aeropuertos Españoles y Navegación Aérea</gco:CharacterString>
                            </gmd:organisationName>
                            <gmd:positionName gco:nilReason="missing"/>
                            <gmd:contactInfo>
                                <gmd:CI_Contact>
                                    <gmd:onlineResource>
                                    <gmd:CI_OnlineResource>
                                    <gmd:linkage>
                                    <gmd:URL>http://www.aena.es</gmd:URL>
                                    </gmd:linkage>
                                    </gmd:CI_OnlineResource>
                                    </gmd:onlineResource>
                                </gmd:CI_Contact>
                            </gmd:contactInfo>
                            <gmd:role>
                                <gmd:CI_RoleCode
                                    codeList="./resources/codeList.xml#CI_RoleCode" codeListValue="user">user</gmd:CI_RoleCode>
                            </gmd:role>
                        </gmd:CI_ResponsibleParty>
                    </gmd:userContactInfo>
                    <gmd:userContactInfo>
                        <gmd:CI_ResponsibleParty>
                            <gmd:individualName gco:nilReason="missing"/>
                            <gmd:organisationName>
                                <gco:CharacterString>Instituto Geográfico Nacional (IGN)</gco:CharacterString>
                            </gmd:organisationName>
                            <gmd:positionName gco:nilReason="missing"/>
                            <gmd:contactInfo>
                                <gmd:CI_Contact>
                                    <gmd:address>
                                    <gmd:CI_Address>
                                    <gmd:electronicMailAddress>
                                    <gco:CharacterString>ign@fomento.es</gco:CharacterString>
                                    </gmd:electronicMailAddress>
                                    </gmd:CI_Address>
                                    </gmd:address>
                                </gmd:CI_Contact>
                            </gmd:contactInfo>
                            <gmd:role>
                                <gmd:CI_RoleCode
                                    codeList="./resources/codeList.xml#CI_RoleCode" codeListValue="user">user</gmd:CI_RoleCode>
                            </gmd:role>
                        </gmd:CI_ResponsibleParty>
                    </gmd:userContactInfo>
                </gmd:MD_Usage>
            </gmd:resourceSpecificUsage>
            <gmd:resourceConstraints>
                <gmd:MD_Constraints>
                    <gmd:useLimitation>
                        <gco:CharacterString>Condiciones al descargar el producto en el Centro de Descargas:http://centrodedescargas.cnig.es/CentroDescargas/cambiarMenu.do?destino=presentacion</gco:CharacterString>
                    </gmd:useLimitation>
                </gmd:MD_Constraints>
            </gmd:resourceConstraints>
            <gmd:resourceConstraints>
                <gmd:MD_LegalConstraints>
                    <gmd:useLimitation gco:nilReason="missing"/>
                    <gmd:accessConstraints>
                        <gmd:MD_RestrictionCode
                            codeList="./resources/codeList.xml#MD_RestrictionCode" codeListValue="license">license</gmd:MD_RestrictionCode>
                    </gmd:accessConstraints>
                    <gmd:otherConstraints>
                        <gco:CharacterString>Descarga gratuita u obtención de información geográfica digital para uso no comercial, con aceptación de licencia de uso: 
    Licencia para uso no comercial del producto descargado: 
    http://centrodedescargas.cnig.es/CentroDescargas/cambiarMenu.do?destino=infoUsoNoComercial   
    Licencia para uso comercial del producto descargado: 
    http://centrodedescargas.cnig.es/CentroDescargas/cambiarMenu.do?destino=infoTipoComercial</gco:CharacterString>
                    </gmd:otherConstraints>
                </gmd:MD_LegalConstraints>
            </gmd:resourceConstraints>
            <gmd:spatialRepresentationType>
                <gmd:MD_SpatialRepresentationTypeCode
                    codeList="./resources/codeList.xml#MD_SpatialRepresentationTypeCode" codeListValue="grid">grid</gmd:MD_SpatialRepresentationTypeCode>
            </gmd:spatialRepresentationType>
            <gmd:spatialResolution>
                <gmd:MD_Resolution>
                    <gmd:distance>
                        <gco:Distance uom="metros">200</gco:Distance>
                    </gmd:distance>
                </gmd:MD_Resolution>
            </gmd:spatialResolution>
            <gmd:language>
                <gmd:LanguageCode
                    codeList="./resources/codeList.xml#LanguageCode" codeListValue="spa">spa</gmd:LanguageCode>
            </gmd:language>
            <gmd:characterSet>
                <gmd:MD_CharacterSetCode
                    codeList="./resources/codeList.xml#MD_CharacterSetCode" codeListValue="utf8">utf8</gmd:MD_CharacterSetCode>
            </gmd:characterSet>
            <gmd:topicCategory>
                <gmd:MD_TopicCategoryCode>elevation</gmd:MD_TopicCategoryCode>
            </gmd:topicCategory>
            <gmd:extent>
                <gmd:EX_Extent>
                    <gmd:description gco:nilReason="missing"/>
                    <gmd:geographicElement>
                        <gmd:EX_GeographicBoundingBox>
                            <gmd:westBoundLongitude>
                                <gco:Decimal>-19.00</gco:Decimal>
                            </gmd:westBoundLongitude>
                            <gmd:eastBoundLongitude>
                                <gco:Decimal>4.30</gco:Decimal>
                            </gmd:eastBoundLongitude>
                            <gmd:southBoundLatitude>
                                <gco:Decimal>27.60</gco:Decimal>
                            </gmd:southBoundLatitude>
                            <gmd:northBoundLatitude>
                                <gco:Decimal>44.00</gco:Decimal>
                            </gmd:northBoundLatitude>
                        </gmd:EX_GeographicBoundingBox>
                    </gmd:geographicElement>
                    <gmd:temporalElement gco:nilReason="missing"/>
                    <gmd:verticalElement>
                        <gmd:EX_VerticalExtent>
                            <gmd:minimumValue>
                                <gco:Real> -100</gco:Real>
                            </gmd:minimumValue>
                            <gmd:maximumValue>
                                <gco:Real>3718</gco:Real>
                            </gmd:maximumValue>
                        </gmd:EX_VerticalExtent>
                    </gmd:verticalElement>
                </gmd:EX_Extent>
            </gmd:extent>
            <gmd:supplementalInformation>
                <gco:CharacterString>Datum vertical: En la Península, las altitudes están referidas al nivel medio del Mar Mediterráneo en Alicante. Código EPSG: 5782.  
                                          				En Baleares, las altitudes están referidas al nivel medio local del Mar Mediterráneo en las islas. Código EPSG: 5782.  
                                          				En Ceuta y Melilla, las altitudes están referidas al nivel medio del Mar Mediterráneo. Código EPSG: 5782.  
                                          				En Canarias, las altitudes están referidas al nivel medio del Océano Atlántico en las islas. </gco:CharacterString>
            </gmd:supplementalInformation>
        </gmd:MD_DataIdentification>
    </gmd:identificationInfo>
    <gmd:distributionInfo>
        <gmd:MD_Distribution>
            <gmd:distributionFormat>
                <gmd:MD_Format>
                    <gmd:name>
                        <gco:CharacterString>ASCII</gco:CharacterString>
                    </gmd:name>
                    <gmd:version>
                        <gco:CharacterString>Desconocida</gco:CharacterString>
                    </gmd:version>
                </gmd:MD_Format>
            </gmd:distributionFormat>
            <gmd:distributor>
                <gmd:MD_Distributor>
                    <gmd:distributorContact>
                        <gmd:CI_ResponsibleParty>
                            <gmd:individualName gco:nilReason="missing"/>
                            <gmd:organisationName>
                                <gco:CharacterString>Centro Nacional de Información Geográfica (CNIG)</gco:CharacterString>
                            </gmd:organisationName>
                            <gmd:positionName gco:nilReason="missing"/>
                            <gmd:contactInfo>
                                <gmd:CI_Contact>
                                    <gmd:address>
                                    <gmd:CI_Address>
                                    <gmd:electronicMailAddress>
                                    <gco:CharacterString>consulta@cnig.es</gco:CharacterString>
                                    </gmd:electronicMailAddress>
                                    </gmd:CI_Address>
                                    </gmd:address>
                                </gmd:CI_Contact>
                            </gmd:contactInfo>
                            <gmd:role>
                                <gmd:CI_RoleCode
                                    codeList="./resources/codeList.xml#CI_RoleCode" codeListValue="distributor">distributor</gmd:CI_RoleCode>
                            </gmd:role>
                        </gmd:CI_ResponsibleParty>
                    </gmd:distributorContact>
                    <gmd:distributorFormat gco:nilReason="missing"/>
                </gmd:MD_Distributor>
            </gmd:distributor>
            <gmd:transferOptions>
                <gmd:MD_DigitalTransferOptions>
                    <gmd:onLine>
                        <gmd:CI_OnlineResource>
                            <gmd:linkage>
                                <gmd:URL>http://centrodedescargas.cnig.es/CentroDescargas/busquedaSerie.do?codSerie=02109</gmd:URL>
                            </gmd:linkage>
                            <gmd:description>
                                <gco:CharacterString>Enlace de descarga</gco:CharacterString>
                            </gmd:description>
                            <gmd:function>
                                <gmd:CI_OnLineFunctionCode
                                    codeList="./resources/codeList.xml#CI_OnLineFunctionCode" codeListValue="download">download</gmd:CI_OnLineFunctionCode>
                            </gmd:function>
                        </gmd:CI_OnlineResource>
                    </gmd:onLine>
                </gmd:MD_DigitalTransferOptions>
            </gmd:transferOptions>
        </gmd:MD_Distribution>
    </gmd:distributionInfo>
    <gmd:dataQualityInfo>
        <gmd:DQ_DataQuality>
            <gmd:scope>
                <gmd:DQ_Scope>
                    <gmd:level>
                        <gmd:MD_ScopeCode
                            codeList="./resources/codeList.xml#MD_ScopeCode" codeListValue="series">series</gmd:MD_ScopeCode>
                    </gmd:level>
                    <gmd:levelDescription gco:nilReason="missing"/>
                </gmd:DQ_Scope>
            </gmd:scope>
            <gmd:report>
                <gmd:DQ_DomainConsistency>
                    <gmd:result>
                        <gmd:DQ_ConformanceResult>
                            <gmd:specification>
                                <gmd:CI_Citation>
                                    <gmd:title>
                                    <gco:CharacterString>REGLAMENTO (UE) N o 1089/2010 DE LA COMISIÓN de 23 de noviembre de 2010 por el que se aplica la Directiva 2007/2/CE del Parlamento Europeo y del Consejo en lo que se refiere a la interoperabilidad de los conjuntos y los servicios de datos espaciales</gco:CharacterString>
                                    </gmd:title>
                                    <gmd:date>
                                    <gmd:CI_Date>
                                    <gmd:date>
                                    <gco:Date>2010-12-08</gco:Date>
                                    </gmd:date>
                                    <gmd:dateType>
                                    <gmd:CI_DateTypeCode
                                    codeList="./resources/codeList.xml#CI_DateTypeCode" codeListValue="publication">publication</gmd:CI_DateTypeCode>
                                    </gmd:dateType>
                                    </gmd:CI_Date>
                                    </gmd:date>
                                </gmd:CI_Citation>
                            </gmd:specification>
                            <gmd:explanation>
                                <gco:CharacterString>Consultar el reglamento mencionado</gco:CharacterString>
                            </gmd:explanation>
                            <gmd:pass>
                                <gco:Boolean>false</gco:Boolean>
                            </gmd:pass>
                        </gmd:DQ_ConformanceResult>
                    </gmd:result>
                </gmd:DQ_DomainConsistency>
            </gmd:report>
            <gmd:report>
                <gmd:DQ_DomainConsistency>
                    <gmd:result>
                        <gmd:DQ_ConformanceResult>
                            <gmd:specification>
                                <gmd:CI_Citation>
                                    <gmd:title>
                                    <gco:CharacterString>REGLAMENTO (CE) Nº 1205/2008 DE LA COMISIÓN de 3 de diciembre de 2008 por el que se ejecuta la Directiva 2007/2/CE del Parlamento Europeo y del Consejo en lo que se refiere a los metadatos</gco:CharacterString>
                                    </gmd:title>
                                    <gmd:date>
                                    <gmd:CI_Date>
                                    <gmd:date>
                                    <gco:Date>2008-12-04</gco:Date>
                                    </gmd:date>
                                    <gmd:dateType>
                                    <gmd:CI_DateTypeCode
                                    codeList="./resources/codeList.xml#CI_DateTypeCode" codeListValue="publication">publication</gmd:CI_DateTypeCode>
                                    </gmd:dateType>
                                    </gmd:CI_Date>
                                    </gmd:date>
                                </gmd:CI_Citation>
                            </gmd:specification>
                            <gmd:explanation>
                                <gco:CharacterString>Consultar el reglamento mencionado</gco:CharacterString>
                            </gmd:explanation>
                            <gmd:pass>
                                <gco:Boolean>true</gco:Boolean>
                            </gmd:pass>
                        </gmd:DQ_ConformanceResult>
                    </gmd:result>
                </gmd:DQ_DomainConsistency>
            </gmd:report>
            <gmd:lineage>
                <gmd:LI_Lineage>
                    <gmd:statement>
                        <gco:CharacterString>Se han empleado vuelo fotogramétrico, apoyo de campo y aerotriangulación para la generación de las fotografías aéreas y posteriormente técnicas de correlación para la obtención del modelo digital de elevaciones.</gco:CharacterString>
                    </gmd:statement>
                    <gmd:processStep gco:nilReason="missing"/>
                    <gmd:source>
                        <gmd:LI_Source>
                            <gmd:description>
                                <gco:CharacterString>Plan Nacional de Ortofotografía Aérea (PNOA)</gco:CharacterString>
                            </gmd:description>
                            <gmd:sourceExtent gco:nilReason="missing"/>
                        </gmd:LI_Source>
                    </gmd:source>
                </gmd:LI_Lineage>
            </gmd:lineage>
        </gmd:DQ_DataQuality>
    </gmd:dataQualityInfo>
</gmd:MD_Metadata>
<!--Metadata generated with CatMDEdit version 4.6.6-->
